mean_fit_time,std_fit_time,mean_score_time,std_score_time,param_clf__max_depth,param_clf__max_features,param_clf__min_samples_leaf,param_clf__min_samples_split,param_clf__n_estimators,param_clf__strategy,params,split0_test_score,split1_test_score,split2_test_score,split3_test_score,split4_test_score,mean_test_score,std_test_score,rank_test_score
0.49811348915100095,0.03059654616213571,0.07052807807922364,0.003940417327479805,,sqrt,1,2,200,none,"{'clf__max_depth': None, 'clf__max_features': 'sqrt', 'clf__min_samples_leaf': 1, 'clf__min_samples_split': 2, 'clf__n_estimators': 200, 'clf__strategy': 'none'}",0.6043467185210722,0.6095535590592849,0.6155601168771838,0.6221810879387519,0.6023220395005562,0.6107927043793698,0.007311113189094331,28
0.5525524616241455,0.018752084894868737,0.06922783851623535,0.003979400374033178,,sqrt,1,2,200,oversample,"{'clf__max_depth': None, 'clf__max_features': 'sqrt', 'clf__min_samples_leaf': 1, 'clf__min_samples_split': 2, 'clf__n_estimators': 200, 'clf__strategy': 'oversample'}",0.5934351982770736,0.5941349234960865,0.6132298416998256,0.6279024885084126,0.5984523755412857,0.6054309655045368,0.013311585407685315,39
1.101771640777588,0.019292967361083466,0.1498802661895752,0.011259109690130109,,sqrt,1,2,500,none,"{'clf__max_depth': None, 'clf__max_features': 'sqrt', 'clf__min_samples_leaf': 1, 'clf__min_samples_split': 2, 'clf__n_estimators': 500, 'clf__strategy': 'none'}",0.6086593928198933,0.6064176329253189,0.6151501746110161,0.6293644634745925,0.6095773564162308,0.6138338040494103,0.008280406823392449,20
1.185826301574707,0.028285337666378942,0.15723466873168945,0.01615646492796201,,sqrt,1,2,500,oversample,"{'clf__max_depth': None, 'clf__max_features': 'sqrt', 'clf__min_samples_leaf': 1, 'clf__min_samples_split': 2, 'clf__n_estimators': 500, 'clf__strategy': 'oversample'}",0.5998180043816828,0.5914763462586979,0.6060150201179493,0.6310003074555606,0.6001838195892935,0.6056986995606369,0.013472514472768,37
0.51521897315979,0.012560390615074662,0.06427383422851562,0.006999393556053157,,sqrt,1,10,200,none,"{'clf__max_depth': None, 'clf__max_features': 'sqrt', 'clf__min_samples_leaf': 1, 'clf__min_samples_split': 10, 'clf__n_estimators': 200, 'clf__strategy': 'none'}",0.5925463523365352,0.5939339596214258,0.6122014732703446,0.6269088945423773,0.5990741450886317,0.6049329649718629,0.012996189865295568,40
0.5781468868255615,0.011391398722924719,0.07035932540893555,0.0037394902494513895,,sqrt,1,10,200,oversample,"{'clf__max_depth': None, 'clf__max_features': 'sqrt', 'clf__min_samples_leaf': 1, 'clf__min_samples_split': 10, 'clf__n_estimators': 200, 'clf__strategy': 'oversample'}",0.5995238600457562,0.5935030821693735,0.6018538464155194,0.6294472772527595,0.5918041616288094,0.6032264455024435,0.013624518695298174,41
1.1067596912384032,0.03140779607802412,0.13000092506408692,0.013524653236302673,,sqrt,1,10,500,none,"{'clf__max_depth': None, 'clf__max_features': 'sqrt', 'clf__min_samples_leaf': 1, 'clf__min_samples_split': 10, 'clf__n_estimators': 500, 'clf__strategy': 'none'}",0.5893066726606593,0.5930308861372082,0.608285788900294,0.6229475156759261,0.5998769239142342,0.6026895574576644,0.012016697733973803,42
1.1915952205657958,0.026699891892365844,0.14107975959777833,0.008942379498873396,,sqrt,1,10,500,oversample,"{'clf__max_depth': None, 'clf__max_features': 'sqrt', 'clf__min_samples_leaf': 1, 'clf__min_samples_split': 10, 'clf__n_estimators': 500, 'clf__strategy': 'oversample'}",0.5941552270681859,0.5940974702927329,0.6063287073952117,0.6300016817479184,0.6055357432166342,0.6060237659441365,0.01310244515179541,36
0.49992995262145995,0.023694335231852347,0.06778426170349121,0.007202684408536708,,sqrt,4,2,200,none,"{'clf__max_depth': None, 'clf__max_features': 'sqrt', 'clf__min_samples_leaf': 4, 'clf__min_samples_split': 2, 'clf__n_estimators': 200, 'clf__strategy': 'none'}",0.5446294992089089,0.5627852286143042,0.5867083121945178,0.5702484136196607,0.5662618578070471,0.5661266622888877,0.013519649582645451,57
0.5794176578521728,0.01591045833337188,0.08030438423156738,0.021676553769702137,,sqrt,4,2,200,oversample,"{'clf__max_depth': None, 'clf__max_features': 'sqrt', 'clf__min_samples_leaf': 4, 'clf__min_samples_split': 2, 'clf__n_estimators': 200, 'clf__strategy': 'oversample'}",0.5742301155155698,0.5735779676772557,0.5708782829306966,0.6075949492663262,0.5695549201657403,0.5791672471111177,0.014316796564147494,51
1.1066350936889648,0.023047820899277212,0.14125781059265136,0.011432868831199745,,sqrt,4,2,500,none,"{'clf__max_depth': None, 'clf__max_features': 'sqrt', 'clf__min_samples_leaf': 4, 'clf__min_samples_split': 2, 'clf__n_estimators': 500, 'clf__strategy': 'none'}",0.5503972550476296,0.5603767401686583,0.5843504942393758,0.5721901087620097,0.5607780363108384,0.5656185269057024,0.011633280557580747,59
1.2163337230682374,0.030236732663127115,0.14574580192565917,0.015835440168782793,,sqrt,4,2,500,oversample,"{'clf__max_depth': None, 'clf__max_features': 'sqrt', 'clf__min_samples_leaf': 4, 'clf__min_samples_split': 2, 'clf__n_estimators': 500, 'clf__strategy': 'oversample'}",0.5778281654410122,0.5641550332656419,0.5676697415324738,0.6113797881832124,0.5726825394439445,0.578743053573257,0.016959669064310904,52
0.5306941986083984,0.00544722862497253,0.06433944702148438,0.005116300094576552,,sqrt,4,10,200,none,"{'clf__max_depth': None, 'clf__max_features': 'sqrt', 'clf__min_samples_leaf': 4, 'clf__min_samples_split': 10, 'clf__n_estimators': 200, 'clf__strategy': 'none'}",0.5533850817253207,0.5561351600849448,0.5790296302422194,0.5684065249861228,0.5712492937491953,0.5656411381575607,0.009580449176733221,58
0.5758307933807373,0.013416959738854454,0.06869211196899414,0.0044897727317654125,,sqrt,4,10,200,oversample,"{'clf__max_depth': None, 'clf__max_features': 'sqrt', 'clf__min_samples_leaf': 4, 'clf__min_samples_split': 10, 'clf__n_estimators': 200, 'clf__strategy': 'oversample'}",0.582704910586086,0.5836390807893059,0.5654389365632314,0.6003023163115185,0.5744782527624493,0.5813126994025182,0.01154679055184518,49
1.126145315170288,0.03268170449312769,0.13417267799377441,0.009963839600424575,,sqrt,4,10,500,none,"{'clf__max_depth': None, 'clf__max_features': 'sqrt', 'clf__min_samples_leaf': 4, 'clf__min_samples_split': 10, 'clf__n_estimators': 500, 'clf__strategy': 'none'}",0.5501612437653859,0.5572118876197011,0.582809251484198,0.5629962835979516,0.5665332574066596,0.5639423847747793,0.010943361707790667,60
1.2274815082550048,0.02133259299680819,0.14947662353515626,0.00893345595138857,,sqrt,4,10,500,oversample,"{'clf__max_depth': None, 'clf__max_features': 'sqrt', 'clf__min_samples_leaf': 4, 'clf__min_samples_split': 10, 'clf__n_estimators': 500, 'clf__strategy': 'oversample'}",0.5814353495775473,0.5741648599855326,0.5660239390975759,0.6037276832428877,0.5737479590949588,0.5798199581997006,0.01291021501021823,50
0.5432745933532714,0.014815038370592393,0.06292133331298828,0.00485312498238439,,0.5,1,2,200,none,"{'clf__max_depth': None, 'clf__max_features': 0.5, 'clf__min_samples_leaf': 1, 'clf__min_samples_split': 2, 'clf__n_estimators': 200, 'clf__strategy': 'none'}",0.6296295871438081,0.6192111484465295,0.6299186174365514,0.6554558281595282,0.622405016189359,0.6313240394751551,0.012755082989623943,1
0.617435359954834,0.022383095128075143,0.06998162269592285,0.0045965184383437874,,0.5,1,2,200,oversample,"{'clf__max_depth': None, 'clf__max_features': 0.5, 'clf__min_samples_leaf': 1, 'clf__min_samples_split': 2, 'clf__n_estimators': 200, 'clf__strategy': 'oversample'}",0.6089090107978722,0.6155822882341905,0.6111188153489152,0.638060030428317,0.6119732813346183,0.6171286852287826,0.010684309323133826,17
1.1261264324188232,0.05687998135256784,0.1313875675201416,0.004790477328132455,,0.5,1,2,500,none,"{'clf__max_depth': None, 'clf__max_features': 0.5, 'clf__min_samples_leaf': 1, 'clf__min_samples_split': 2, 'clf__n_estimators': 500, 'clf__strategy': 'none'}",0.6183197348291688,0.6221984887813944,0.6270825748817043,0.6594809453110717,0.6245648663918102,0.6303293220390298,0.014858856549695511,2
1.1553289890289307,0.06626579177473774,0.13707704544067384,0.007080904240856086,,0.5,1,2,500,oversample,"{'clf__max_depth': None, 'clf__max_features': 0.5, 'clf__min_samples_leaf': 1, 'clf__min_samples_split': 2, 'clf__n_estimators': 500, 'clf__strategy': 'oversample'}",0.6067168577290922,0.6135001655267129,0.6130856814473082,0.6333111832044052,0.615389287527139,0.6164006350869315,0.008946134883164873,18
0.5102922439575195,0.019855033531919686,0.06278910636901855,0.00559362837899084,,0.5,1,10,200,none,"{'clf__max_depth': None, 'clf__max_features': 0.5, 'clf__min_samples_leaf': 1, 'clf__min_samples_split': 10, 'clf__n_estimators': 200, 'clf__strategy': 'none'}",0.6171612029928294,0.6169524430192468,0.6266427040842891,0.6452490108009431,0.6304710203956878,0.6272952762585992,0.010416539018857775,5
0.6212634563446044,0.01738412136953343,0.06579742431640626,0.006162865202917897,,0.5,1,10,200,oversample,"{'clf__max_depth': None, 'clf__max_features': 0.5, 'clf__min_samples_leaf': 1, 'clf__min_samples_split': 10, 'clf__n_estimators': 200, 'clf__strategy': 'oversample'}",0.606485048371784,0.6127143351056069,0.60405964833659,0.6393756216687102,0.6030554214559232,0.6131380149877229,0.013542000643637479,23
1.1113694190979004,0.015611009913432965,0.13039140701293944,0.008138799359352928,,0.5,1,10,500,none,"{'clf__max_depth': None, 'clf__max_features': 0.5, 'clf__min_samples_leaf': 1, 'clf__min_samples_split': 10, 'clf__n_estimators': 500, 'clf__strategy': 'none'}",0.6229698087804812,0.6162727353491045,0.6209284018575464,0.6456767558532136,0.6278728523326385,0.6267441108345968,0.010172872123741366,6
1.2580150604248046,0.05233767752974044,0.12708730697631837,0.008835072605665979,,0.5,1,10,500,oversample,"{'clf__max_depth': None, 'clf__max_features': 0.5, 'clf__min_samples_leaf': 1, 'clf__min_samples_split': 10, 'clf__n_estimators': 500, 'clf__strategy': 'oversample'}",0.6100883334324629,0.6106425668768473,0.6068696182107493,0.6462093421162061,0.5997089985956477,0.6147037718463826,0.0162272228283937,19
0.5254092693328858,0.02658038585243293,0.06866445541381835,0.0014437216805554584,,0.5,4,2,200,none,"{'clf__max_depth': None, 'clf__max_features': 0.5, 'clf__min_samples_leaf': 4, 'clf__min_samples_split': 2, 'clf__n_estimators': 200, 'clf__strategy': 'none'}",0.6174062436571349,0.6115230066718708,0.6211821908751054,0.6465073809290867,0.6257318673637624,0.624470137899392,0.011963021742971544,10
0.6415831565856933,0.025963422970421857,0.06455936431884765,0.004259530719589172,,0.5,4,2,200,oversample,"{'clf__max_depth': None, 'clf__max_features': 0.5, 'clf__min_samples_leaf': 4, 'clf__min_samples_split': 2, 'clf__n_estimators': 200, 'clf__strategy': 'oversample'}",0.6025864635903864,0.6018484363174512,0.5990685434401448,0.6425216188379633,0.6080190057584383,0.6108088135888768,0.016119642601536976,27
1.1100347518920899,0.026184709232543187,0.13188495635986328,0.014107178982917305,,0.5,4,2,500,none,"{'clf__max_depth': None, 'clf__max_features': 0.5, 'clf__min_samples_leaf': 4, 'clf__min_samples_split': 2, 'clf__n_estimators': 500, 'clf__strategy': 'none'}",0.6118451653052492,0.6092044235592673,0.621443655938303,0.6446474204949726,0.6238296215605532,0.622194057371669,0.01251576479210746,12
1.3186272621154784,0.035455830658676704,0.13387622833251953,0.011952007447309803,,0.5,4,2,500,oversample,"{'clf__max_depth': None, 'clf__max_features': 0.5, 'clf__min_samples_leaf': 4, 'clf__min_samples_split': 2, 'clf__n_estimators': 500, 'clf__strategy': 'oversample'}",0.5980256200504688,0.6050836556262602,0.5966267170467191,0.6427253270894802,0.6044269532746696,0.6093776546175195,0.0170086462022476,31
0.5267174720764161,0.017667996458156476,0.06328544616699219,0.0051523914372218396,,0.5,4,10,200,none,"{'clf__max_depth': None, 'clf__max_features': 0.5, 'clf__min_samples_leaf': 4, 'clf__min_samples_split': 10, 'clf__n_estimators': 200, 'clf__strategy': 'none'}",0.6165090162486669,0.6099978450626916,0.6283628649842677,0.6358437760147871,0.6218066674989986,0.6225040339618824,0.009001177002308812,11
0.6197479724884033,0.016711543726817255,0.06526031494140624,0.0044801976220273125,,0.5,4,10,200,oversample,"{'clf__max_depth': None, 'clf__max_features': 0.5, 'clf__min_samples_leaf': 4, 'clf__min_samples_split': 10, 'clf__n_estimators': 200, 'clf__strategy': 'oversample'}",0.5944678784103316,0.6067081452030292,0.599031653477558,0.641545484216985,0.6073097535266714,0.6098125829669151,0.016580513317547216,29
1.0868045806884765,0.03680340366402954,0.12879858016967774,0.012778834815814469,,0.5,4,10,500,none,"{'clf__max_depth': None, 'clf__max_features': 0.5, 'clf__min_samples_leaf': 4, 'clf__min_samples_split': 10, 'clf__n_estimators': 500, 'clf__strategy': 'none'}",0.6141920458416685,0.6096889904141606,0.619229779312062,0.6358339483027831,0.6287596700634163,0.6215408867868181,0.009552136599932442,14
1.2680051803588868,0.04911522671816887,0.1385721206665039,0.015921922539633267,,0.5,4,10,500,oversample,"{'clf__max_depth': None, 'clf__max_features': 0.5, 'clf__min_samples_leaf': 4, 'clf__min_samples_split': 10, 'clf__n_estimators': 500, 'clf__strategy': 'oversample'}",0.5935679202356476,0.6048527406773218,0.5947147528213941,0.637130561402729,0.6045010716348562,0.6069534093543897,0.01581166219984885,34
0.503797197341919,0.01563008167713487,0.060947608947753903,0.004540347639831134,20,sqrt,1,2,200,none,"{'clf__max_depth': 20, 'clf__max_features': 'sqrt', 'clf__min_samples_leaf': 1, 'clf__min_samples_split': 2, 'clf__n_estimators': 200, 'clf__strategy': 'none'}",0.5939032118096417,0.5906368821107594,0.6135164020647358,0.6138540385998182,0.5928619047855253,0.6009544878740961,0.010448573882867301,45
0.58663969039917,0.013358404640076406,0.0716012954711914,0.00843286462729347,20,sqrt,1,2,200,oversample,"{'clf__max_depth': 20, 'clf__max_features': 'sqrt', 'clf__min_samples_leaf': 1, 'clf__min_samples_split': 2, 'clf__n_estimators': 200, 'clf__strategy': 'oversample'}",0.5909403209919317,0.6036444282152437,0.6093438705061722,0.6269576589539276,0.6031852687703754,0.6068143094875301,0.011724801074969248,35
1.1600779056549073,0.031204340436056355,0.13284702301025392,0.002987042543696946,20,sqrt,1,2,500,none,"{'clf__max_depth': 20, 'clf__max_features': 'sqrt', 'clf__min_samples_leaf': 1, 'clf__min_samples_split': 2, 'clf__n_estimators': 500, 'clf__strategy': 'none'}",0.6017351655897398,0.5934489738783492,0.5997839858445216,0.6145490165515197,0.5996943695376731,0.6018423022803606,0.006939312777509339,43
1.2361892223358155,0.01608895754828909,0.14596056938171387,0.008908610913807385,20,sqrt,1,2,500,oversample,"{'clf__max_depth': 20, 'clf__max_features': 'sqrt', 'clf__min_samples_leaf': 1, 'clf__min_samples_split': 2, 'clf__n_estimators': 500, 'clf__strategy': 'oversample'}",0.5974763277632018,0.5952351207216848,0.6033674878170833,0.6265334176446087,0.6051408099963447,0.6055506327885847,0.011106894506090358,38
0.5257688045501709,0.014330426364011368,0.06282958984375,0.004973606162502016,20,sqrt,1,10,200,none,"{'clf__max_depth': 20, 'clf__max_features': 'sqrt', 'clf__min_samples_leaf': 1, 'clf__min_samples_split': 10, 'clf__n_estimators': 200, 'clf__strategy': 'none'}",0.5814061224016569,0.5877209687489673,0.6047349375550504,0.6173777729212067,0.5980295882673855,0.5978538779788533,0.012663071046985601,48
0.5788330554962158,0.010546580333397688,0.06621060371398926,0.004521074940179069,20,sqrt,1,10,200,oversample,"{'clf__max_depth': 20, 'clf__max_features': 'sqrt', 'clf__min_samples_leaf': 1, 'clf__min_samples_split': 10, 'clf__n_estimators': 200, 'clf__strategy': 'oversample'}",0.5932197927287399,0.5869299761238206,0.596517157621264,0.6222446167785197,0.5974435864843288,0.5992710259473346,0.012063400313670087,46
1.1939945697784424,0.02095714761418831,0.1336362361907959,0.003765328069452572,20,sqrt,1,10,500,none,"{'clf__max_depth': 20, 'clf__max_features': 'sqrt', 'clf__min_samples_leaf': 1, 'clf__min_samples_split': 10, 'clf__n_estimators': 500, 'clf__strategy': 'none'}",0.5786919232070593,0.5941489710209152,0.6095598450203412,0.6153431388508527,0.5981484227277372,0.5991784601653812,0.012768123771590463,47
1.2721399784088134,0.020971059645180038,0.14079036712646484,0.00837283431480541,20,sqrt,1,10,500,oversample,"{'clf__max_depth': 20, 'clf__max_features': 'sqrt', 'clf__min_samples_leaf': 1, 'clf__min_samples_split': 10, 'clf__n_estimators': 500, 'clf__strategy': 'oversample'}",0.5985482569428018,0.5895038510307309,0.6029831051756579,0.6199636704005975,0.5946775218400842,0.6011352810779744,0.010407768363820267,44
0.535785722732544,0.018718061736829637,0.06917405128479004,0.0010975360673552315,20,sqrt,4,2,200,none,"{'clf__max_depth': 20, 'clf__max_features': 'sqrt', 'clf__min_samples_leaf': 4, 'clf__min_samples_split': 2, 'clf__n_estimators': 200, 'clf__strategy': 'none'}",0.5393773674518494,0.5540634981662864,0.5790212697201204,0.5721373468996371,0.5710319800361142,0.5631262924548015,0.014439494310521425,63
0.5999596118927002,0.02150781983334417,0.06691703796386719,0.004766350147455031,20,sqrt,4,2,200,oversample,"{'clf__max_depth': 20, 'clf__max_features': 'sqrt', 'clf__min_samples_leaf': 4, 'clf__min_samples_split': 2, 'clf__n_estimators': 200, 'clf__strategy': 'oversample'}",0.5668633945287135,0.5764480943224746,0.5655575029162949,0.5980304204890727,0.5700763274031841,0.5753951479319479,0.011927482443847524,55
1.1718696117401124,0.019176632947049303,0.13402266502380372,0.008624066247694162,20,sqrt,4,2,500,none,"{'clf__max_depth': 20, 'clf__max_features': 'sqrt', 'clf__min_samples_leaf': 4, 'clf__min_samples_split': 2, 'clf__n_estimators': 500, 'clf__strategy': 'none'}",0.5469621941126124,0.5558508198601078,0.5811208556017363,0.5675582234787173,0.5636903260581108,0.5630364838222569,0.01147113506236534,64
1.302736234664917,0.03559551373538762,0.13634610176086426,0.015225750164163358,20,sqrt,4,2,500,oversample,"{'clf__max_depth': 20, 'clf__max_features': 'sqrt', 'clf__min_samples_leaf': 4, 'clf__min_samples_split': 2, 'clf__n_estimators': 500, 'clf__strategy': 'oversample'}",0.5753540685501276,0.5679096251069818,0.5680041482976221,0.5975973514723869,0.5782922706998372,0.5774314928253912,0.010874366876571208,54
0.5340372562408447,0.018829736068807373,0.06418604850769043,0.005609119934818818,20,sqrt,4,10,200,none,"{'clf__max_depth': 20, 'clf__max_features': 'sqrt', 'clf__min_samples_leaf': 4, 'clf__min_samples_split': 10, 'clf__n_estimators': 200, 'clf__strategy': 'none'}",0.5506977970412147,0.5591335117934317,0.5845991160170186,0.5553634198886478,0.5662748291207758,0.5632137347722177,0.011845920734247844,61
0.6115211009979248,0.016547046778618388,0.06544375419616699,0.005312224235024956,20,sqrt,4,10,200,oversample,"{'clf__max_depth': 20, 'clf__max_features': 'sqrt', 'clf__min_samples_leaf': 4, 'clf__min_samples_split': 10, 'clf__n_estimators': 200, 'clf__strategy': 'oversample'}",0.5771730461102295,0.5876592587957106,0.5683982117314006,0.5945197247825529,0.5632937712617134,0.5782088025363215,0.011620120044746168,53
1.1568224430084229,0.020754546738476685,0.13702383041381835,0.014962163886141348,20,sqrt,4,10,500,none,"{'clf__max_depth': 20, 'clf__max_features': 'sqrt', 'clf__min_samples_leaf': 4, 'clf__min_samples_split': 10, 'clf__n_estimators': 500, 'clf__strategy': 'none'}",0.5508565507713835,0.5588644982152935,0.5807251789839791,0.5600065404768927,0.5652010011349086,0.5631307539164915,0.00992438841614287,62
1.2965657711029053,0.03846274840553387,0.136618709564209,0.010142701552525932,20,sqrt,4,10,500,oversample,"{'clf__max_depth': 20, 'clf__max_features': 'sqrt', 'clf__min_samples_leaf': 4, 'clf__min_samples_split': 10, 'clf__n_estimators': 500, 'clf__strategy': 'oversample'}",0.5699278277548938,0.5714111092806493,0.5672072333904491,0.5994341312638036,0.5636998983080725,0.5743360399995736,0.012820679652532118,56
0.5462043285369873,0.022149340701512206,0.06812958717346192,0.0009605560252286638,20,0.5,1,2,200,none,"{'clf__max_depth': 20, 'clf__max_features': 0.5, 'clf__min_samples_leaf': 1, 'clf__min_samples_split': 2, 'clf__n_estimators': 200, 'clf__strategy': 'none'}",0.623522091273624,0.6169852329633994,0.6222935422155449,0.6485262969695326,0.6313269975261633,0.6285308321896528,0.010999357123312136,4
0.6357880115509034,0.02828720794247706,0.07520837783813476,0.012859052398133267,20,0.5,1,2,200,oversample,"{'clf__max_depth': 20, 'clf__max_features': 0.5, 'clf__min_samples_leaf': 1, 'clf__min_samples_split': 2, 'clf__n_estimators': 200, 'clf__strategy': 'oversample'}",0.6020646735106245,0.6108324675170629,0.6120369567354921,0.6286258228616203,0.6071921577914047,0.6121504156832409,0.008938628736997632,26
1.1720670223236085,0.028880216710663004,0.13000354766845704,0.0020522942473936157,20,0.5,1,2,500,none,"{'clf__max_depth': 20, 'clf__max_features': 0.5, 'clf__min_samples_leaf': 1, 'clf__min_samples_split': 2, 'clf__n_estimators': 500, 'clf__strategy': 'none'}",0.6190346471951781,0.618790085628798,0.6297138184137681,0.6507672393250533,0.6263065400899513,0.6289224661305497,0.01170553306207206,3
1.2755350589752197,0.055445601721455004,0.13721098899841308,0.010003828342766087,20,0.5,1,2,500,oversample,"{'clf__max_depth': 20, 'clf__max_features': 0.5, 'clf__min_samples_leaf': 1, 'clf__min_samples_split': 2, 'clf__n_estimators': 500, 'clf__strategy': 'oversample'}",0.6011646463616483,0.613665686397404,0.6099528168099229,0.6341393022275748,0.6093893811076285,0.6136623665808356,0.011022858790133146,22
0.5545852184295654,0.020464354849913595,0.06352806091308594,0.004769000004843341,20,0.5,1,10,200,none,"{'clf__max_depth': 20, 'clf__max_features': 0.5, 'clf__min_samples_leaf': 1, 'clf__min_samples_split': 10, 'clf__n_estimators': 200, 'clf__strategy': 'none'}",0.6235605580262268,0.6043991010824076,0.6173183221055161,0.6378832979181308,0.625742491549967,0.6217807541364497,0.01095618678174555,13
0.6263758182525635,0.00942561556185276,0.0627225399017334,0.005375693829351804,20,0.5,1,10,200,oversample,"{'clf__max_depth': 20, 'clf__max_features': 0.5, 'clf__min_samples_leaf': 1, 'clf__min_samples_split': 10, 'clf__n_estimators': 200, 'clf__strategy': 'oversample'}",0.6028201782914755,0.6112740587785558,0.6084166218470636,0.6389901130412654,0.5995309455487893,0.61220638350143,0.014009762784454722,25
1.1940083026885986,0.026393977775475905,0.1284794807434082,0.004714730687146302,20,0.5,1,10,500,none,"{'clf__max_depth': 20, 'clf__max_features': 0.5, 'clf__min_samples_leaf': 1, 'clf__min_samples_split': 10, 'clf__n_estimators': 500, 'clf__strategy': 'none'}",0.6178651368055648,0.6147608416875017,0.6194426400663213,0.6424937760697572,0.6289809714253596,0.624708673210901,0.010080544264693977,9
1.333992099761963,0.03753333770055508,0.13853225708007813,0.010295391667574361,20,0.5,1,10,500,oversample,"{'clf__max_depth': 20, 'clf__max_features': 0.5, 'clf__min_samples_leaf': 1, 'clf__min_samples_split': 10, 'clf__n_estimators': 500, 'clf__strategy': 'oversample'}",0.6059799202187999,0.6103785759227257,0.6115608941360446,0.6396281171534756,0.6010146490235689,0.6137124312909229,0.013478812109833897,21
0.5520756244659424,0.028904649815547325,0.06611108779907227,0.004176601812086043,20,0.5,4,2,200,none,"{'clf__max_depth': 20, 'clf__max_features': 0.5, 'clf__min_samples_leaf': 4, 'clf__min_samples_split': 2, 'clf__n_estimators': 200, 'clf__strategy': 'none'}",0.6105847455404598,0.6189302305663943,0.6203620594146644,0.6523607008633214,0.6300009470523021,0.6264477366874284,0.014347751535031452,7
0.6243853569030762,0.031166420959706426,0.068275785446167,0.0014450370239576257,20,0.5,4,2,200,oversample,"{'clf__max_depth': 20, 'clf__max_features': 0.5, 'clf__min_samples_leaf': 4, 'clf__min_samples_split': 2, 'clf__n_estimators': 200, 'clf__strategy': 'oversample'}",0.5996627814809038,0.6054167221641465,0.6016369016256301,0.6389973438903491,0.60276983244169,0.609696716320544,0.01476798772695077,30
1.1891630649566651,0.03768251607639295,0.12683849334716796,0.00842391720535101,20,0.5,4,2,500,none,"{'clf__max_depth': 20, 'clf__max_features': 0.5, 'clf__min_samples_leaf': 4, 'clf__min_samples_split': 2, 'clf__n_estimators': 500, 'clf__strategy': 'none'}",0.6161328590794198,0.6128902940077421,0.6225136325986753,0.6445313824633147,0.6280417114191266,0.6248219759136557,0.011153668782850339,8
1.342510747909546,0.05170468435634935,0.15989079475402831,0.019110448209844456,20,0.5,4,2,500,oversample,"{'clf__max_depth': 20, 'clf__max_features': 0.5, 'clf__min_samples_leaf': 4, 'clf__min_samples_split': 2, 'clf__n_estimators': 500, 'clf__strategy': 'oversample'}",0.5957773897382145,0.6037087906385677,0.594980603513601,0.6435051866270939,0.5982652876327412,0.6072474516300437,0.018384029054141604,33
0.5550647258758545,0.02269549000246378,0.062109184265136716,0.0057232974837345026,20,0.5,4,10,200,none,"{'clf__max_depth': 20, 'clf__max_features': 0.5, 'clf__min_samples_leaf': 4, 'clf__min_samples_split': 10, 'clf__n_estimators': 200, 'clf__strategy': 'none'}",0.6124875781203711,0.6143339379448642,0.6183435796092811,0.6380926672607293,0.6212093242774122,0.6208934174425316,0.009122505910146312,15
0.624392032623291,0.036097794562179285,0.06785407066345214,0.002312857288143974,20,0.5,4,10,200,oversample,"{'clf__max_depth': 20, 'clf__max_features': 0.5, 'clf__min_samples_leaf': 4, 'clf__min_samples_split': 10, 'clf__n_estimators': 200, 'clf__strategy': 'oversample'}",0.6082335721776311,0.6080917132282819,0.5982824363628442,0.6451730465475516,0.6033993893313249,0.6126360315295267,0.016673518385499287,24
1.1527077674865722,0.20786919113808106,0.09688339233398438,0.03099291032680692,20,0.5,4,10,500,none,"{'clf__max_depth': 20, 'clf__max_features': 0.5, 'clf__min_samples_leaf': 4, 'clf__min_samples_split': 10, 'clf__n_estimators': 500, 'clf__strategy': 'none'}",0.6093644245008346,0.610111773232822,0.6219788681347846,0.6369613966242086,0.6259500827545486,0.6208733090494396,0.010335255494113089,16
1.0117434501647948,0.030450514784016846,0.05988459587097168,0.0009519392370795955,20,0.5,4,10,500,oversample,"{'clf__max_depth': 20, 'clf__max_features': 0.5, 'clf__min_samples_leaf': 4, 'clf__min_samples_split': 10, 'clf__n_estimators': 500, 'clf__strategy': 'oversample'}",0.6006286551847433,0.5979898953856135,0.5963175443127969,0.6421602877270538,0.6006767754198742,0.6075546316060163,0.017381494760083785,32
